Description,Guild,Owner,Uploaded,Duration,Expires,Visibility
The Eternal Palace,Personal Logs,MaLzZzeR,"1565470341$August 10, 2019 9:52 PM",5 hours,"February 6, 2020 8:52 PM",Public
The Eternal Palace,Personal Logs,Jesu,"1565470339$August 10, 2019 9:52 PM",5 hours,"February 6, 2020 8:52 PM",Public
idiot logs,V A N Q U I S H,aelx,"1565470297$August 10, 2019 9:51 PM",an hour,"February 6, 2020 8:51 PM",Public
The Eternal Palace,Personal Logs,Keex,"1565470297$August 10, 2019 9:51 PM",4 hours,"February 6, 2020 8:51 PM",Public
The Eternal Palace,Personal Logs,healforgold,"1565470269$August 10, 2019 9:51 PM",an hour,"February 6, 2020 8:51 PM",Public
m ep,Лучший в мире,Horsenlol,"1565470265$August 10, 2019 9:51 PM",3 hours,"February 6, 2020 8:51 PM",Public
The Eternal Palace,Diamond Raid,Pandomax,"1565470251$August 10, 2019 9:50 PM",4 hours,"February 6, 2020 8:50 PM",Public
The Eternal Palace,Diamond Raid,Megolein,"1565470247$August 10, 2019 9:50 PM",3 hours,"February 6, 2020 8:50 PM",Public
Test,Personal Logs,Sodayoda,"1565470234$August 10, 2019 9:50 PM",3 hours,"February 6, 2020 8:50 PM",Public
Mythic 10.08.,Personal Logs,Sarphi,"1565470227$August 10, 2019 9:50 PM",4 hours,"February 6, 2020 8:50 PM",Public
The Eternal Palace,Personal Logs,hacktrue,"1565470220$August 10, 2019 9:50 PM",4 hours,"February 6, 2020 8:50 PM",Public
The Eternal Palace,РусЛегион,Shatal,"1565470217$August 10, 2019 9:50 PM",3 hours,"February 6, 2020 8:50 PM",Public
The Eternal Palace,Терра Инкогнита,Jk88,"1565470212$August 10, 2019 9:50 PM",3 hours,"February 6, 2020 8:50 PM",Public
The Eternal Palace,Miracle,justdoitsplatt,"1565470195$August 10, 2019 9:49 PM",3 hours,"February 6, 2020 8:49 PM",Public
HC/Myth,Escape,Tamron,"1565470182$August 10, 2019 9:49 PM",4 hours,"February 6, 2020 8:49 PM",Public
The Eternal Palace,GTO,Drevnii113,"1565470105$August 10, 2019 9:48 PM",8 hours,"February 6, 2020 8:48 PM",Public
The Eternal Palace,Personal Logs,Lillyhammer,"1565470103$August 10, 2019 9:48 PM",8 hours,"February 6, 2020 8:48 PM",Public
The Eternal Palace,Personal Logs,Anes,"1565470039$August 10, 2019 9:47 PM",an hour,"February 6, 2020 8:47 PM",Public
РТ,Деменция,Meiten,"1565470020$August 10, 2019 9:47 PM",4 hours,"February 6, 2020 8:47 PM",Public
The Eternal Palace,Personal Logs,madspontop,"1565469990$August 10, 2019 9:46 PM",3 hours,"February 6, 2020 8:46 PM",Public
The Eternal Palace,Personal Logs,Raidrunner,"1565469954$August 10, 2019 9:45 PM",3 hours,"February 6, 2020 8:45 PM",Public
The Eternal Palace,Tiger Rebels,Johnnys,"1565469951$August 10, 2019 9:45 PM",3 hours,"February 6, 2020 8:45 PM",Public
Test,Stormbreaker,Senfal,"1565469951$August 10, 2019 9:45 PM",3 hours,"February 6, 2020 8:45 PM",Public
Dotme är svart,Personal Logs,Tobz0r,"1565469937$August 10, 2019 9:45 PM",4 hours,"February 6, 2020 8:45 PM",Public
The Eternal Palace,Personal Logs,Gublins,"1565469869$August 10, 2019 9:44 PM",4 hours,"February 6, 2020 8:44 PM",Public
The Eternal Palace,Personal Logs,Bassanox24,"1565469852$August 10, 2019 9:44 PM",23 minutes,"February 6, 2020 8:44 PM",Public
Mainraid,I Merciless I,Logira,"1565469768$August 10, 2019 9:42 PM",3 hours,"February 6, 2020 8:42 PM",Public
annie mythic,Personal Logs,Salbre,"1565469454$August 10, 2019 9:37 PM",7 minutes,"February 6, 2020 8:37 PM",Public
The Eternal Palace,Пьяная Устрица,Доктриса,"1565469430$August 10, 2019 9:37 PM",4 hours,"February 6, 2020 8:37 PM",Public
The Eternal Palace,Personal Logs,GotheX,"1565469011$August 10, 2019 9:30 PM",4 hours,"February 6, 2020 8:30 PM",Public
The Eternal Palace,Personal Logs,Paet,"1565469011$August 10, 2019 9:30 PM",4 hours,"February 6, 2020 8:30 PM",Public
The Eternal Palace,Splendour,squarefaced,"1565468617$August 10, 2019 9:23 PM",10 hours,"February 6, 2020 8:23 PM",Public
EP Mythisch 10.08,Personal Logs,Dogmata,"1565468611$August 10, 2019 9:23 PM",3 hours,"February 6, 2020 8:23 PM",Public
The Eternal Palace,Personal Logs,WrathiaB,"1565468611$August 10, 2019 9:23 PM",4 hours,"February 6, 2020 8:23 PM",Public
3M_1,Personal Logs,Käsejoghurt,"1565468548$August 10, 2019 9:22 PM",2 hours,"February 6, 2020 8:22 PM",Public
The Eternal Palace,Personal Logs,Teslashot,"1565468019$August 10, 2019 9:13 PM",2 hours,"February 6, 2020 8:13 PM",Public
The Eternal Palace,Erudite,Dalmare,"1565467562$August 10, 2019 9:06 PM",4 hours,"February 6, 2020 8:06 PM",Public
The Eternal Palace,Erudite,Branston,"1565467557$August 10, 2019 9:05 PM",4 hours,"February 6, 2020 8:05 PM",Public
The Eternal Palace,Personal Logs,bushbush23,"1565467548$August 10, 2019 9:05 PM",3 hours,"February 6, 2020 8:05 PM",Public
The Eternal Palace,Обитуари,Menderk,"1565467365$August 10, 2019 9:02 PM",3 hours,"February 6, 2020 8:02 PM",Public
The Eternal Palace,Локлок,Warlocklena,"1565467323$August 10, 2019 9:02 PM",2 hours,"February 6, 2020 8:02 PM",Public
The Eternal Palace,Жнецы Душ,w3155,"1565467289$August 10, 2019 9:01 PM",7 hours,"February 6, 2020 8:01 PM",Public
The Eternal Palace,Solar Flare,Salbre,"1565467073$August 10, 2019 8:57 PM",5 minutes,"February 6, 2020 7:57 PM",Public
The Eternal Palace,Personal Logs,MrMansaf,"1565466846$August 10, 2019 8:54 PM",6 minutes,"February 6, 2020 7:54 PM",Public
idiot logs first boss,V A N Q U I S H,aelx,"1565466691$August 10, 2019 8:51 PM",4 minutes,"February 6, 2020 7:51 PM",Public
idiot logs,V A N Q U I S H,aelx,"1565466604$August 10, 2019 8:50 PM",42 minutes,"February 6, 2020 7:50 PM",Public
EP M (Weird/FPG),Personal Logs,Happytail,"1565466490$August 10, 2019 8:48 PM",an hour,"February 6, 2020 7:48 PM",Public
The Eternal Palace,Personal Logs,Séllout,"1565466436$August 10, 2019 8:47 PM",2 hours,"February 6, 2020 7:47 PM",Public
The Eternal Palace,Personal Logs,Noxeelol,"1565466397$August 10, 2019 8:46 PM",3 hours,"February 6, 2020 7:46 PM",Public
EP,Personal Logs,Aziria,"1565465698$August 10, 2019 8:34 PM",2 hours,"February 6, 2020 7:34 PM",Public
The Eternal Palace,Personal Logs,nrx887,"1565465556$August 10, 2019 8:32 PM",3 hours,"February 6, 2020 7:32 PM",Public
The Eternal Palace,Reforged,Verdi,"1565465344$August 10, 2019 8:29 PM",3 hours,"February 6, 2020 7:29 PM",Public
Fischi,Personal Logs,SleepyPanda46,"1565465097$August 10, 2019 8:24 PM",an hour,"February 6, 2020 7:24 PM",Public
The Eternal Palace,Personal Logs,Eiwo,"1565465031$August 10, 2019 8:23 PM",an hour,"February 6, 2020 7:23 PM",Public
The Eternal Palace,Клешни и отвага,greedy_dust,"1565465015$August 10, 2019 8:23 PM",an hour,"February 6, 2020 7:23 PM",Public
0810BananaRaiders,Personal Logs,ikzzi,"1565464792$August 10, 2019 8:19 PM",5 hours,"February 6, 2020 7:19 PM",Public
The Eternal Palace,Personal Logs,spuick,"1565464636$August 10, 2019 8:17 PM",2 hours,"February 6, 2020 7:17 PM",Public
The Eternal Palace,Personal Logs,phongua,"1565464148$August 10, 2019 8:09 PM",2 hours,"February 6, 2020 7:09 PM",Public
The Eternal Palace,Personal Logs,cheong2010,"1565463551$August 10, 2019 7:59 PM",5 hours,"February 6, 2020 6:59 PM",Public
The Eternal Palace,Personal Logs,allens11812,"1565463416$August 10, 2019 7:56 PM",2 hours,"February 6, 2020 6:56 PM",Public
The Eternal Palace,Personal Logs,wolfenwinter,"1565463151$August 10, 2019 7:52 PM",8 minutes,"February 6, 2020 6:52 PM",Public
The Eternal Palace,Personal Logs,doydo,"1565463019$August 10, 2019 7:50 PM",15 hours,"February 6, 2020 6:50 PM",Public
Heroic EP Then Mythic,Personal Logs,Nokura,"1565462341$August 10, 2019 7:39 PM",4 hours,"February 6, 2020 6:39 PM",Public
The Eternal Palace,Personal Logs,Jesper,"1565461858$August 10, 2019 7:30 PM",36 minutes,"February 6, 2020 6:30 PM",Public
The Eternal Palace,Singularity,Chamster,"1565461656$August 10, 2019 7:27 PM",4 hours,"February 6, 2020 6:27 PM",Public
alttimyty,Personal Logs,Rimakes,"1565461409$August 10, 2019 7:23 PM",an hour,"February 6, 2020 6:23 PM",Public
main raid,Group Therapy,uruyh,"1565460664$August 10, 2019 7:11 PM",4 hours,"August 9, 2020 7:11 PM",Public
The Eternal Palace,Тираэль,rgbw0w,"1565460456$August 10, 2019 7:07 PM",4 hours,"February 6, 2020 6:07 PM",Public
The Eternal Palace,Reckless Ambition,Kratno,"1565459040$August 10, 2019 6:44 PM",2 hours,"February 6, 2020 5:44 PM",Public
The Eternal Palace,Personal Logs,agurthewise,"1565458015$August 10, 2019 6:26 PM",4 hours,"February 6, 2020 5:26 PM",Public
The Eternal Palace,越掩饰越深刻,panpanwow,"1565457942$August 10, 2019 6:25 PM",an hour,"February 6, 2020 5:25 PM",Public
The Eternal Palace,Personal Logs,dealbbung,"1565457833$August 10, 2019 6:23 PM",5 hours,"February 6, 2020 5:23 PM",Public
The Eternal Palace,Personal Logs,leloohustler,"1565457808$August 10, 2019 6:23 PM",2 hours,"February 6, 2020 5:23 PM",Public
namoosan lage,Personal Logs,Skizel,"1565457685$August 10, 2019 6:21 PM",an hour,"February 6, 2020 5:21 PM",Public
The Eternal Palace,Freedom Heaven,ekuta,"1565457590$August 10, 2019 6:19 PM",6 hours,"February 6, 2020 5:19 PM",Public
The Eternal Palace,Personal Logs,kaien83,"1565456994$August 10, 2019 6:09 PM",2 hours,"February 6, 2020 5:09 PM",Public
Heroic EP,Always Tilted,Leha,"1565456980$August 10, 2019 6:09 PM",3 hours,"August 9, 2020 6:09 PM",Public
The Eternal Palace,Personal Logs,벤당고,"1565456955$August 10, 2019 6:09 PM",5 hours,"February 6, 2020 5:09 PM",Public
Raid,Personal Logs,EzraLogs,"1565456657$August 10, 2019 6:04 PM",4 hours,"February 6, 2020 5:04 PM",Public
don't leave leftie :(,Group Therapy,Bastian,"1565456553$August 10, 2019 6:02 PM",4 hours,"August 9, 2020 6:02 PM",Public
Azshara + myth farm,Team Cobra,Fulkan-Draenor,"1565456501$August 10, 2019 6:01 PM",3 hours,"February 6, 2020 5:01 PM",Public
The Eternal Palace,DoctorWho,DoctorWhoo,"1565456456$August 10, 2019 6:00 PM",3 hours,"February 6, 2020 5:00 PM",Public
The Eternal Palace,Personal Logs,anta13,"1565456446$August 10, 2019 6:00 PM",3 hours,"February 6, 2020 5:00 PM",Public
m,Personal Logs,Arwegail,"1565456436$August 10, 2019 6:00 PM",3 hours,"February 6, 2020 5:00 PM",Public
The Eternal Palace,Reckless Ambition,pendulumz,"1565456365$August 10, 2019 5:59 PM",an hour,"February 6, 2020 4:59 PM",Public
The Eternal Palace,凤池才团,hxhuang,"1565455632$August 10, 2019 5:47 PM",2 hours,"February 6, 2020 4:47 PM",Public
The Eternal Palace,ALAMAK,Jaggerarmy,"1565455387$August 10, 2019 5:43 PM",3 hours,"February 6, 2020 4:43 PM",Public
The Eternal Palace,Last Chance,sve1210,"1565455257$August 10, 2019 5:40 PM",3 hours,"February 6, 2020 4:40 PM",Public
The Eternal Palace,Personal Logs,claanrgks,"1565454940$August 10, 2019 5:35 PM",5 hours,"February 6, 2020 4:35 PM",Public
ZZZZZZZZQQQQQQQQQQQ810,Personal Logs,gps8135,"1565454708$August 10, 2019 5:31 PM",5 hours,"February 6, 2020 4:31 PM",Public
M5开荒,听见M团,Mirror,"1565454541$August 10, 2019 5:29 PM",4 hours,"February 6, 2020 4:29 PM",Public
The Eternal Palace,雷米團,Nara,"1565454413$August 10, 2019 5:26 PM",8 hours,"February 6, 2020 4:26 PM",Public
M1-3,耀月.,sc930524,"1565454321$August 10, 2019 5:25 PM",7 days,"February 6, 2020 4:25 PM",Public
The Eternal Palace,丨爱与家庭丨,cn_zhangchen@163.com,"1565454305$August 10, 2019 5:25 PM",2 hours,"February 6, 2020 4:25 PM",Public
The Eternal Palace,Personal Logs,guagua,"1565454059$August 10, 2019 5:20 PM",3 hours,"February 6, 2020 4:20 PM",Public
The Eternal Palace,Personal Logs,Pomelowang,"1565453739$August 10, 2019 5:15 PM",3 hours,"February 6, 2020 4:15 PM",Public
0810 토요일 2,Personal Logs,PLE,"1565453409$August 10, 2019 5:10 PM",6 hours,"February 6, 2020 4:10 PM",Public
hell yeah,Group Therapy,Asgarath,"1565453394$August 10, 2019 5:09 PM",3 hours,"August 9, 2020 5:09 PM",Public
The Eternal Palace,Personal Logs,Istari6477,"1565453304$August 10, 2019 5:08 PM",6 hours,"February 6, 2020 4:08 PM",Public
The Eternal Palace,Personal Logs,tiribere,"1565453256$August 10, 2019 5:07 PM",4 hours,"February 6, 2020 4:07 PM",Public
The Eternal Palace,Personal Logs,noyoungho,"1565442119$August 10, 2019 2:01 PM",3 hours,"February 6, 2020 1:01 PM",Public
The Eternal Palace,Personal Logs,genbu,"1565442065$August 10, 2019 2:01 PM",2 hours,"February 6, 2020 1:01 PM",Public
The Eternal Palace,Personal Logs,aaron5446,"1565441721$August 10, 2019 1:55 PM",3 hours,"February 6, 2020 12:55 PM",Public
19.8.10,凛冬,luyang88,"1565441056$August 10, 2019 1:44 PM",35 minutes,"February 6, 2020 12:44 PM",Public
The Eternal Palace,Personal Logs,risestar1004,"1565440864$August 10, 2019 1:41 PM",an hour,"February 6, 2020 12:41 PM",Public
The Eternal Palace,Personal Logs,cynickim,"1565440327$August 10, 2019 1:32 PM",2 hours,"February 6, 2020 12:32 PM",Public
The Eternal Palace,Personal Logs,Rektum,"1565440025$August 10, 2019 1:27 PM",3 hours,"February 6, 2020 12:27 PM",Public
The Eternal Palace,Personal Logs,ssuksjin,"1565439705$August 10, 2019 1:21 PM",an hour,"February 6, 2020 12:21 PM",Public
jjw,Personal Logs,jjw5402,"1565439640$August 10, 2019 1:20 PM",3 hours,"February 6, 2020 12:20 PM",Public
The Eternal Palace,Personal Logs,Silverhands,"1565439540$August 10, 2019 1:19 PM",8 hours,"February 6, 2020 12:19 PM",Public
The Eternal Palace,Personal Logs,jaampa,"1565439479$August 10, 2019 1:17 PM",2 hours,"February 6, 2020 12:17 PM",Public
The Eternal Palace,Haaqoo n Banilla,dought,"1565438327$August 10, 2019 12:58 PM",2 hours,"February 6, 2020 11:58 AM",Public
The Eternal Palace,Personal Logs,陌北辰,"1565438162$August 10, 2019 12:56 PM",3 hours,"February 6, 2020 11:56 AM",Public
The Eternal Palace,Personal Logs,axtxx,"1565436773$August 10, 2019 12:32 PM",6 minutes,"February 6, 2020 11:32 AM",Public
The Eternal Palace,Personal Logs,hasteguy,"1565436465$August 10, 2019 12:27 PM",3 hours,"February 6, 2020 11:27 AM",Public
The Eternal Palace,Personal Logs,ssuksjin,"1565436273$August 10, 2019 12:24 PM",5 minutes,"February 6, 2020 11:24 AM",Public
ㄴㄷ,rbdldrbdld2,rbdldrbdld2,"1565435870$August 10, 2019 12:17 PM",8 hours,"February 6, 2020 11:17 AM",Public
The Eternal Palace,Personal Logs,펜리즈,"1565435319$August 10, 2019 12:08 PM",6 hours,"February 6, 2020 11:08 AM",Public
8.10 궁전 신화,Personal Logs,prismphantom,"1565435183$August 10, 2019 12:06 PM",3 hours,"February 6, 2020 11:06 AM",Public
The Eternal Palace,Personal Logs,rijan,"1565435171$August 10, 2019 12:06 PM",9 hours,"February 6, 2020 11:06 AM",Public
The Eternal Palace,Personal Logs,dapa,"1565434832$August 10, 2019 12:00 PM",7 hours,"February 6, 2020 11:00 AM",Public
The Eternal Palace,대 충 해,jinnams,"1565434717$August 10, 2019 11:58 AM",5 hours,"February 6, 2020 10:58 AM",Public
The Eternal Palace,Personal Logs,HH-Apostate,"1565434437$August 10, 2019 11:53 AM",a day,"February 6, 2020 10:53 AM",Public
The Eternal Palace,Refugee,jsleecw,"1565434241$August 10, 2019 11:50 AM",43 minutes,"February 6, 2020 10:50 AM",Public
The Eternal Palace,Personal Logs,262885708@qq.com,"1565434041$August 10, 2019 11:47 AM",41 minutes,"February 6, 2020 10:47 AM",Public
The Eternal Palace,Personal Logs,newacww,"1565433874$August 10, 2019 11:44 AM",2 hours,"February 6, 2020 10:44 AM",Public
The Eternal Palace,Personal Logs,yunmeng,"1565433694$August 10, 2019 11:41 AM",5 hours,"February 6, 2020 10:41 AM",Public
The Eternal Palace,Personal Logs,eeeeeeeeeeeeewwwwww,"1565433449$August 10, 2019 11:37 AM",6 hours,"February 6, 2020 10:37 AM",Public
The Eternal Palace,발업공대,Valup,"1565433158$August 10, 2019 11:32 AM",8 hours,"February 6, 2020 10:32 AM",Public
WoWCombatLog,Personal Logs,kimgoon,"1565432970$August 10, 2019 11:29 AM",2 hours,"February 6, 2020 10:29 AM",Public
The Eternal Palace,Dot over Time,Hojunggu,"1565432577$August 10, 2019 11:22 AM",11 minutes,"February 6, 2020 10:22 AM",Public
The Eternal Palace,Personal Logs,lmchong,"1565432462$August 10, 2019 11:21 AM",35 minutes,"February 6, 2020 10:21 AM",Public
The Eternal Palace,Personal Logs,lmchong,"1565431843$August 10, 2019 11:10 AM",26 minutes,"February 6, 2020 10:10 AM",Public
0810-W-mythic,Personal Logs,furinax07,"1565431831$August 10, 2019 11:10 AM",6 hours,"February 6, 2020 10:10 AM",Public
The Eternal Palace,Personal Logs,Sun9,"1565431783$August 10, 2019 11:09 AM",7 hours,"February 6, 2020 10:09 AM",Public
The Eternal Palace,다시봄,won3314,"1565431631$August 10, 2019 11:07 AM",5 hours,"February 6, 2020 10:07 AM",Public
The Eternal Palace,Personal Logs,rainkkj123,"1565431626$August 10, 2019 11:07 AM",6 hours,"February 6, 2020 10:07 AM",Public
The Eternal Palace,Personal Logs,wknine,"1565431246$August 10, 2019 11:00 AM",4 hours,"February 6, 2020 10:00 AM",Public
The Eternal Palace,Personal Logs,storyzero,"1565430837$August 10, 2019 10:53 AM",4 hours,"February 6, 2020 9:53 AM",Public
트럴이 화났어요,Personal Logs,SunU,"1565430835$August 10, 2019 10:53 AM",3 hours,"February 6, 2020 9:53 AM",Public
The Eternal Palace,永恆歲月,lvxjy1314@163.com,"1565430713$August 10, 2019 10:51 AM",an hour,"February 6, 2020 9:51 AM",Public
The Eternal Palace,Personal Logs,esnae,"1565430615$August 10, 2019 10:50 AM",4 hours,"February 6, 2020 9:50 AM",Public
The Eternal Palace,Personal Logs,shuira,"1565429119$August 10, 2019 10:25 AM",7 hours,"February 6, 2020 9:25 AM",Public
The Eternal Palace,Personal Logs,karltiming,"1565428665$August 10, 2019 10:17 AM",6 minutes,"February 6, 2020 9:17 AM",Public
The Eternal Palace,저는 아닙니다,xenac,"1565428265$August 10, 2019 10:11 AM",6 hours,"February 6, 2020 9:11 AM",Public
The Eternal Palace,Personal Logs,MUCHAKASMUS,"1565427986$August 10, 2019 10:06 AM",4 hours,"February 6, 2020 9:06 AM",Public
GOLDEN GATE BRIDGE! GREAT BRIDGE NO FLAWS!,FASTz,Tyler,"1565426843$August 10, 2019 9:47 AM",6 hours,"February 6, 2020 8:47 AM",Public
AA,Personal Logs,cynickim,"1565426193$August 10, 2019 9:36 AM",4 hours,"February 6, 2020 8:36 AM",Public
野团 首次打M,Dream Start,lastpanda,"1565425703$August 10, 2019 9:28 AM",an hour,"February 6, 2020 8:28 AM",Public
永恒王宫,Personal Logs,宣仪的小粉丝,"1565425405$August 10, 2019 9:23 AM",2 hours,"February 6, 2020 8:23 AM",Public
WoWCombatLog,Personal Logs,kimgoon,"1565424702$August 10, 2019 9:11 AM",4 hours,"February 6, 2020 8:11 AM",Public
The Eternal Palace,Personal Logs,wkdbek28,"1565424618$August 10, 2019 9:10 AM",2 hours,"February 6, 2020 8:10 AM",Public
yikes,Personal Logs,Vashezzo,"1565424465$August 10, 2019 9:07 AM",4 hours,Never (Subscribed),Public
Friday,Personal Logs,Altoholic,"1565424383$August 10, 2019 9:06 AM",5 hours,"February 6, 2020 8:06 AM",Public
The Eternal Palace,Personal Logs,cf718,"1565424263$August 10, 2019 9:04 AM",4 hours,"February 6, 2020 8:04 AM",Public
The Eternal Palace,Intent,theisland,"1565424093$August 10, 2019 9:01 AM",2 hours,"August 9, 2020 9:01 AM",Public
The Eternal Palace,Personal Logs,breadthebear,"1565423364$August 10, 2019 8:49 AM",an hour,"February 6, 2020 7:49 AM",Public
The Eternal Palace,头顶绿龟壳爱吃鱼豆腐的护士节说今天打本要吃小吃桶,Elocinaime,"1565422479$August 10, 2019 8:34 AM",19 hours,"February 6, 2020 7:34 AM",Public
The Eternal Palace,头顶绿龟壳爱吃鱼豆腐的护士杰说今天打本要吃小吃桶2,牧影,"1565422065$August 10, 2019 8:27 AM",2 hours,"February 6, 2020 7:27 AM",Public
The Eternal Palace,荣成,时光沧海,"1565421375$August 10, 2019 8:16 AM",an hour,"February 6, 2020 7:16 AM",Public
EP_M_20190810,Personal Logs,yky6875,"1565420874$August 10, 2019 8:07 AM",an hour,"February 6, 2020 7:07 AM",Public
The Eternal Palace,Ethereal,Moospy,"1565420797$August 10, 2019 8:06 AM",2 hours,"February 6, 2020 7:06 AM",Public
Eternal Palace,Talk Nerdy To Me,Forax,"1565420503$August 10, 2019 8:01 AM",3 hours,"February 6, 2020 7:01 AM",Public
M Palace,Nerf This,exto,"1565420288$August 10, 2019 7:58 AM",2 hours,"February 6, 2020 6:58 AM",Public
8/9 PBP,Personal Logs,Anskar,"1565419126$August 10, 2019 7:38 AM",3 hours,"February 6, 2020 6:38 AM",Public
Eternal Palace (Heroic + Mythic),Wing It,Soulari,"1565417276$August 10, 2019 7:07 AM",3 hours,"February 6, 2020 6:07 AM",Public
The Eternal Palace,Personal Logs,Duskraven,"1565417187$August 10, 2019 7:06 AM",3 hours,"February 6, 2020 6:06 AM",Public
The Eternal Palace,Personal Logs,mauricio,"1565416818$August 10, 2019 7:00 AM",3 hours,"February 6, 2020 6:00 AM",Public
The Eternal Palace,Vitamin GG,Aecis,"1565416709$August 10, 2019 6:58 AM",3 hours,"February 6, 2020 5:58 AM",Public
The Eternal Palace,Personal Logs,lliconll00,"1565416601$August 10, 2019 6:56 AM",2 hours,"February 6, 2020 5:56 AM",Public
The Eternal Palace,Personal Logs,deredere,"1565415717$August 10, 2019 6:41 AM",2 hours,"February 6, 2020 5:41 AM",Public
incase elv dcs,Resistance,corpseboner,"1565415636$August 10, 2019 6:40 AM",4 hours,"February 6, 2020 5:40 AM",Public
The Eternal Palace,Personal Logs,Juhy,"1565415575$August 10, 2019 6:39 AM",4 hours,"February 6, 2020 5:39 AM",Public
Mythic Palace - 8/9,Personal Logs,Grrippo,"1565415328$August 10, 2019 6:35 AM",37 minutes,"February 6, 2020 5:35 AM",Public
The Eternal Palace,Personal Logs,Moospy,"1565415301$August 10, 2019 6:35 AM",2 hours,"February 6, 2020 5:35 AM",Public
a,Personal Logs,jjang6rr,"1565415170$August 10, 2019 6:32 AM",an hour,"February 6, 2020 5:32 AM",Public
The Eternal Palace,Karma,Synii,"1565414711$August 10, 2019 6:25 AM",5 hours,"August 9, 2020 6:25 AM",Public
The Eternal Palace,头顶绿龟壳爱吃鱼豆腐的护士杰说今天打本要吃小吃桶2,牧影,"1565414517$August 10, 2019 6:21 AM",20 minutes,"February 6, 2020 5:21 AM",Public
The Eternal Palace,Personal Logs,Evanellein,"1565414290$August 10, 2019 6:18 AM",2 hours,"February 6, 2020 5:18 AM",Public
The Eternal Palace,Rain,Rosen,"1565414184$August 10, 2019 6:16 AM",5 hours,"February 6, 2020 5:16 AM",Public
r1,Personal Logs,shankynation,"1565412805$August 10, 2019 5:53 AM",4 hours,"February 6, 2020 4:53 AM",Public
The Eternal Palace,Seraph,Jaymie,"1565412527$August 10, 2019 5:48 AM",4 hours,"February 6, 2020 4:48 AM",Public
The Eternal Palace,Personal Logs,noyoungho,"1565442119$August 10, 2019 2:01 PM",3 hours,"February 6, 2020 1:01 PM",Public
The Eternal Palace,Personal Logs,genbu,"1565442065$August 10, 2019 2:01 PM",2 hours,"February 6, 2020 1:01 PM",Public
The Eternal Palace,Personal Logs,aaron5446,"1565441721$August 10, 2019 1:55 PM",3 hours,"February 6, 2020 12:55 PM",Public
19.8.10,凛冬,luyang88,"1565441056$August 10, 2019 1:44 PM",35 minutes,"February 6, 2020 12:44 PM",Public
The Eternal Palace,Personal Logs,risestar1004,"1565440864$August 10, 2019 1:41 PM",an hour,"February 6, 2020 12:41 PM",Public
The Eternal Palace,Personal Logs,cynickim,"1565440327$August 10, 2019 1:32 PM",2 hours,"February 6, 2020 12:32 PM",Public
The Eternal Palace,Personal Logs,Rektum,"1565440025$August 10, 2019 1:27 PM",3 hours,"February 6, 2020 12:27 PM",Public
The Eternal Palace,Personal Logs,ssuksjin,"1565439705$August 10, 2019 1:21 PM",an hour,"February 6, 2020 12:21 PM",Public
jjw,Personal Logs,jjw5402,"1565439640$August 10, 2019 1:20 PM",3 hours,"February 6, 2020 12:20 PM",Public
The Eternal Palace,Personal Logs,Silverhands,"1565439540$August 10, 2019 1:19 PM",8 hours,"February 6, 2020 12:19 PM",Public
The Eternal Palace,Personal Logs,jaampa,"1565439479$August 10, 2019 1:17 PM",2 hours,"February 6, 2020 12:17 PM",Public
The Eternal Palace,Haaqoo n Banilla,dought,"1565438327$August 10, 2019 12:58 PM",2 hours,"February 6, 2020 11:58 AM",Public
The Eternal Palace,Personal Logs,陌北辰,"1565438162$August 10, 2019 12:56 PM",3 hours,"February 6, 2020 11:56 AM",Public
The Eternal Palace,Personal Logs,axtxx,"1565436773$August 10, 2019 12:32 PM",6 minutes,"February 6, 2020 11:32 AM",Public
The Eternal Palace,Personal Logs,hasteguy,"1565436465$August 10, 2019 12:27 PM",3 hours,"February 6, 2020 11:27 AM",Public
The Eternal Palace,Personal Logs,ssuksjin,"1565436273$August 10, 2019 12:24 PM",5 minutes,"February 6, 2020 11:24 AM",Public
ㄴㄷ,rbdldrbdld2,rbdldrbdld2,"1565435870$August 10, 2019 12:17 PM",8 hours,"February 6, 2020 11:17 AM",Public
The Eternal Palace,Personal Logs,펜리즈,"1565435319$August 10, 2019 12:08 PM",6 hours,"February 6, 2020 11:08 AM",Public
8.10 궁전 신화,Personal Logs,prismphantom,"1565435183$August 10, 2019 12:06 PM",3 hours,"February 6, 2020 11:06 AM",Public
The Eternal Palace,Personal Logs,rijan,"1565435171$August 10, 2019 12:06 PM",9 hours,"February 6, 2020 11:06 AM",Public
The Eternal Palace,Personal Logs,dapa,"1565434832$August 10, 2019 12:00 PM",7 hours,"February 6, 2020 11:00 AM",Public
The Eternal Palace,대 충 해,jinnams,"1565434717$August 10, 2019 11:58 AM",5 hours,"February 6, 2020 10:58 AM",Public
The Eternal Palace,Personal Logs,HH-Apostate,"1565434437$August 10, 2019 11:53 AM",a day,"February 6, 2020 10:53 AM",Public
The Eternal Palace,Refugee,jsleecw,"1565434241$August 10, 2019 11:50 AM",43 minutes,"February 6, 2020 10:50 AM",Public
The Eternal Palace,Personal Logs,262885708@qq.com,"1565434041$August 10, 2019 11:47 AM",41 minutes,"February 6, 2020 10:47 AM",Public
The Eternal Palace,Personal Logs,newacww,"1565433874$August 10, 2019 11:44 AM",2 hours,"February 6, 2020 10:44 AM",Public
The Eternal Palace,Personal Logs,yunmeng,"1565433694$August 10, 2019 11:41 AM",5 hours,"February 6, 2020 10:41 AM",Public
The Eternal Palace,Personal Logs,eeeeeeeeeeeeewwwwww,"1565433449$August 10, 2019 11:37 AM",6 hours,"February 6, 2020 10:37 AM",Public
The Eternal Palace,발업공대,Valup,"1565433158$August 10, 2019 11:32 AM",8 hours,"February 6, 2020 10:32 AM",Public
WoWCombatLog,Personal Logs,kimgoon,"1565432970$August 10, 2019 11:29 AM",2 hours,"February 6, 2020 10:29 AM",Public
The Eternal Palace,Dot over Time,Hojunggu,"1565432577$August 10, 2019 11:22 AM",11 minutes,"February 6, 2020 10:22 AM",Public
The Eternal Palace,Personal Logs,lmchong,"1565432462$August 10, 2019 11:21 AM",35 minutes,"February 6, 2020 10:21 AM",Public
The Eternal Palace,Personal Logs,lmchong,"1565431843$August 10, 2019 11:10 AM",26 minutes,"February 6, 2020 10:10 AM",Public
0810-W-mythic,Personal Logs,furinax07,"1565431831$August 10, 2019 11:10 AM",6 hours,"February 6, 2020 10:10 AM",Public
The Eternal Palace,Personal Logs,Sun9,"1565431783$August 10, 2019 11:09 AM",7 hours,"February 6, 2020 10:09 AM",Public
The Eternal Palace,다시봄,won3314,"1565431631$August 10, 2019 11:07 AM",5 hours,"February 6, 2020 10:07 AM",Public
The Eternal Palace,Personal Logs,rainkkj123,"1565431626$August 10, 2019 11:07 AM",6 hours,"February 6, 2020 10:07 AM",Public
The Eternal Palace,Personal Logs,wknine,"1565431246$August 10, 2019 11:00 AM",4 hours,"February 6, 2020 10:00 AM",Public
The Eternal Palace,Personal Logs,storyzero,"1565430837$August 10, 2019 10:53 AM",4 hours,"February 6, 2020 9:53 AM",Public
트럴이 화났어요,Personal Logs,SunU,"1565430835$August 10, 2019 10:53 AM",3 hours,"February 6, 2020 9:53 AM",Public
The Eternal Palace,永恆歲月,lvxjy1314@163.com,"1565430713$August 10, 2019 10:51 AM",an hour,"February 6, 2020 9:51 AM",Public
The Eternal Palace,Personal Logs,esnae,"1565430615$August 10, 2019 10:50 AM",4 hours,"February 6, 2020 9:50 AM",Public
The Eternal Palace,Personal Logs,shuira,"1565429119$August 10, 2019 10:25 AM",7 hours,"February 6, 2020 9:25 AM",Public
The Eternal Palace,Personal Logs,karltiming,"1565428665$August 10, 2019 10:17 AM",6 minutes,"February 6, 2020 9:17 AM",Public
The Eternal Palace,저는 아닙니다,xenac,"1565428265$August 10, 2019 10:11 AM",6 hours,"February 6, 2020 9:11 AM",Public
The Eternal Palace,Personal Logs,MUCHAKASMUS,"1565427986$August 10, 2019 10:06 AM",4 hours,"February 6, 2020 9:06 AM",Public
GOLDEN GATE BRIDGE! GREAT BRIDGE NO FLAWS!,FASTz,Tyler,"1565426843$August 10, 2019 9:47 AM",6 hours,"February 6, 2020 8:47 AM",Public
AA,Personal Logs,cynickim,"1565426193$August 10, 2019 9:36 AM",4 hours,"February 6, 2020 8:36 AM",Public
野团 首次打M,Dream Start,lastpanda,"1565425703$August 10, 2019 9:28 AM",an hour,"February 6, 2020 8:28 AM",Public
永恒王宫,Personal Logs,宣仪的小粉丝,"1565425405$August 10, 2019 9:23 AM",2 hours,"February 6, 2020 8:23 AM",Public
WoWCombatLog,Personal Logs,kimgoon,"1565424702$August 10, 2019 9:11 AM",4 hours,"February 6, 2020 8:11 AM",Public
The Eternal Palace,Personal Logs,wkdbek28,"1565424618$August 10, 2019 9:10 AM",2 hours,"February 6, 2020 8:10 AM",Public
yikes,Personal Logs,Vashezzo,"1565424465$August 10, 2019 9:07 AM",4 hours,Never (Subscribed),Public
Friday,Personal Logs,Altoholic,"1565424383$August 10, 2019 9:06 AM",5 hours,"February 6, 2020 8:06 AM",Public
The Eternal Palace,Personal Logs,cf718,"1565424263$August 10, 2019 9:04 AM",4 hours,"February 6, 2020 8:04 AM",Public
The Eternal Palace,Intent,theisland,"1565424093$August 10, 2019 9:01 AM",2 hours,"August 9, 2020 9:01 AM",Public
The Eternal Palace,Personal Logs,breadthebear,"1565423364$August 10, 2019 8:49 AM",an hour,"February 6, 2020 7:49 AM",Public
The Eternal Palace,头顶绿龟壳爱吃鱼豆腐的护士节说今天打本要吃小吃桶,Elocinaime,"1565422479$August 10, 2019 8:34 AM",19 hours,"February 6, 2020 7:34 AM",Public
The Eternal Palace,头顶绿龟壳爱吃鱼豆腐的护士杰说今天打本要吃小吃桶2,牧影,"1565422065$August 10, 2019 8:27 AM",2 hours,"February 6, 2020 7:27 AM",Public
The Eternal Palace,荣成,时光沧海,"1565421375$August 10, 2019 8:16 AM",an hour,"February 6, 2020 7:16 AM",Public
EP_M_20190810,Personal Logs,yky6875,"1565420874$August 10, 2019 8:07 AM",an hour,"February 6, 2020 7:07 AM",Public
The Eternal Palace,Ethereal,Moospy,"1565420797$August 10, 2019 8:06 AM",2 hours,"February 6, 2020 7:06 AM",Public
Eternal Palace,Talk Nerdy To Me,Forax,"1565420503$August 10, 2019 8:01 AM",3 hours,"February 6, 2020 7:01 AM",Public
M Palace,Nerf This,exto,"1565420288$August 10, 2019 7:58 AM",2 hours,"February 6, 2020 6:58 AM",Public
8/9 PBP,Personal Logs,Anskar,"1565419126$August 10, 2019 7:38 AM",3 hours,"February 6, 2020 6:38 AM",Public
Eternal Palace (Heroic + Mythic),Wing It,Soulari,"1565417276$August 10, 2019 7:07 AM",3 hours,"February 6, 2020 6:07 AM",Public
The Eternal Palace,Personal Logs,Duskraven,"1565417187$August 10, 2019 7:06 AM",3 hours,"February 6, 2020 6:06 AM",Public
The Eternal Palace,Personal Logs,mauricio,"1565416818$August 10, 2019 7:00 AM",3 hours,"February 6, 2020 6:00 AM",Public
The Eternal Palace,Vitamin GG,Aecis,"1565416709$August 10, 2019 6:58 AM",3 hours,"February 6, 2020 5:58 AM",Public
The Eternal Palace,Personal Logs,lliconll00,"1565416601$August 10, 2019 6:56 AM",2 hours,"February 6, 2020 5:56 AM",Public
The Eternal Palace,Personal Logs,deredere,"1565415717$August 10, 2019 6:41 AM",2 hours,"February 6, 2020 5:41 AM",Public
incase elv dcs,Resistance,corpseboner,"1565415636$August 10, 2019 6:40 AM",4 hours,"February 6, 2020 5:40 AM",Public
The Eternal Palace,Personal Logs,Juhy,"1565415575$August 10, 2019 6:39 AM",4 hours,"February 6, 2020 5:39 AM",Public
Mythic Palace - 8/9,Personal Logs,Grrippo,"1565415328$August 10, 2019 6:35 AM",37 minutes,"February 6, 2020 5:35 AM",Public
The Eternal Palace,Personal Logs,Moospy,"1565415301$August 10, 2019 6:35 AM",2 hours,"February 6, 2020 5:35 AM",Public
a,Personal Logs,jjang6rr,"1565415170$August 10, 2019 6:32 AM",an hour,"February 6, 2020 5:32 AM",Public
The Eternal Palace,Karma,Synii,"1565414711$August 10, 2019 6:25 AM",5 hours,"August 9, 2020 6:25 AM",Public
The Eternal Palace,头顶绿龟壳爱吃鱼豆腐的护士杰说今天打本要吃小吃桶2,牧影,"1565414517$August 10, 2019 6:21 AM",20 minutes,"February 6, 2020 5:21 AM",Public
The Eternal Palace,Personal Logs,Evanellein,"1565414290$August 10, 2019 6:18 AM",2 hours,"February 6, 2020 5:18 AM",Public
The Eternal Palace,Rain,Rosen,"1565414184$August 10, 2019 6:16 AM",5 hours,"February 6, 2020 5:16 AM",Public
r1,Personal Logs,shankynation,"1565412805$August 10, 2019 5:53 AM",4 hours,"February 6, 2020 4:53 AM",Public
The Eternal Palace,Seraph,Jaymie,"1565412527$August 10, 2019 5:48 AM",4 hours,"February 6, 2020 4:48 AM",Public
