"Description","Guild","Owner","Uploaded","Duration","Expires","Visibility"
"The Eternal Palace","Personal Logs","MaLzZzeR","1565470341$August 10, 2019 9:52 PM","5 hours","February 6, 2020 8:52 PM","Public"
"The Eternal Palace","Personal Logs","Jesu","1565470339$August 10, 2019 9:52 PM","5 hours","February 6, 2020 8:52 PM","Public"
"idiot logs","V A N Q U I S H","aelx","1565470297$August 10, 2019 9:51 PM","an hour","February 6, 2020 8:51 PM","Public"
"The Eternal Palace","Personal Logs","Keex","1565470297$August 10, 2019 9:51 PM","4 hours","February 6, 2020 8:51 PM","Public"
"The Eternal Palace","Personal Logs","healforgold","1565470269$August 10, 2019 9:51 PM","an hour","February 6, 2020 8:51 PM","Public"
"m ep","Лучший в мире","Horsenlol","1565470265$August 10, 2019 9:51 PM","3 hours","February 6, 2020 8:51 PM","Public"
"The Eternal Palace","Diamond Raid","Pandomax","1565470251$August 10, 2019 9:50 PM","4 hours","February 6, 2020 8:50 PM","Public"
"The Eternal Palace","Diamond Raid","Megolein","1565470247$August 10, 2019 9:50 PM","3 hours","February 6, 2020 8:50 PM","Public"
"Test","Personal Logs","Sodayoda","1565470234$August 10, 2019 9:50 PM","3 hours","February 6, 2020 8:50 PM","Public"
"Mythic 10.08.","Personal Logs","Sarphi","1565470227$August 10, 2019 9:50 PM","4 hours","February 6, 2020 8:50 PM","Public"
"The Eternal Palace","Personal Logs","hacktrue","1565470220$August 10, 2019 9:50 PM","4 hours","February 6, 2020 8:50 PM","Public"
"The Eternal Palace","РусЛегион","Shatal","1565470217$August 10, 2019 9:50 PM","3 hours","February 6, 2020 8:50 PM","Public"
"The Eternal Palace","Терра Инкогнита","Jk88","1565470212$August 10, 2019 9:50 PM","3 hours","February 6, 2020 8:50 PM","Public"
"The Eternal Palace","Miracle","justdoitsplatt","1565470195$August 10, 2019 9:49 PM","3 hours","February 6, 2020 8:49 PM","Public"
"HC/Myth","Escape","Tamron","1565470182$August 10, 2019 9:49 PM","4 hours","February 6, 2020 8:49 PM","Public"
"The Eternal Palace","GTO","Drevnii113","1565470105$August 10, 2019 9:48 PM","8 hours","February 6, 2020 8:48 PM","Public"
"The Eternal Palace","Personal Logs","Lillyhammer","1565470103$August 10, 2019 9:48 PM","8 hours","February 6, 2020 8:48 PM","Public"
"The Eternal Palace","Personal Logs","Anes","1565470039$August 10, 2019 9:47 PM","an hour","February 6, 2020 8:47 PM","Public"
"РТ","Деменция","Meiten","1565470020$August 10, 2019 9:47 PM","4 hours","February 6, 2020 8:47 PM","Public"
"The Eternal Palace","Personal Logs","madspontop","1565469990$August 10, 2019 9:46 PM","3 hours","February 6, 2020 8:46 PM","Public"
"The Eternal Palace","Personal Logs","Raidrunner","1565469954$August 10, 2019 9:45 PM","3 hours","February 6, 2020 8:45 PM","Public"
"The Eternal Palace","Tiger Rebels","Johnnys","1565469951$August 10, 2019 9:45 PM","3 hours","February 6, 2020 8:45 PM","Public"
"Test","Stormbreaker","Senfal","1565469951$August 10, 2019 9:45 PM","3 hours","February 6, 2020 8:45 PM","Public"
"Dotme är svart","Personal Logs","Tobz0r","1565469937$August 10, 2019 9:45 PM","4 hours","February 6, 2020 8:45 PM","Public"
"The Eternal Palace","Personal Logs","Gublins","1565469869$August 10, 2019 9:44 PM","4 hours","February 6, 2020 8:44 PM","Public"
"The Eternal Palace","Personal Logs","Bassanox24","1565469852$August 10, 2019 9:44 PM","23 minutes","February 6, 2020 8:44 PM","Public"
"Mainraid","I Merciless I","Logira","1565469768$August 10, 2019 9:42 PM","3 hours","February 6, 2020 8:42 PM","Public"
"annie mythic","Personal Logs","Salbre","1565469454$August 10, 2019 9:37 PM","7 minutes","February 6, 2020 8:37 PM","Public"
"The Eternal Palace","Пьяная Устрица","Доктриса","1565469430$August 10, 2019 9:37 PM","4 hours","February 6, 2020 8:37 PM","Public"
"The Eternal Palace","Personal Logs","GotheX","1565469011$August 10, 2019 9:30 PM","4 hours","February 6, 2020 8:30 PM","Public"
"The Eternal Palace","Personal Logs","Paet","1565469011$August 10, 2019 9:30 PM","4 hours","February 6, 2020 8:30 PM","Public"
"The Eternal Palace","Splendour","squarefaced","1565468617$August 10, 2019 9:23 PM","10 hours","February 6, 2020 8:23 PM","Public"
"EP Mythisch 10.08","Personal Logs","Dogmata","1565468611$August 10, 2019 9:23 PM","3 hours","February 6, 2020 8:23 PM","Public"
"The Eternal Palace","Personal Logs","WrathiaB","1565468611$August 10, 2019 9:23 PM","4 hours","February 6, 2020 8:23 PM","Public"
"3M_1","Personal Logs","Käsejoghurt","1565468548$August 10, 2019 9:22 PM","2 hours","February 6, 2020 8:22 PM","Public"
"The Eternal Palace","Personal Logs","Teslashot","1565468019$August 10, 2019 9:13 PM","2 hours","February 6, 2020 8:13 PM","Public"
"The Eternal Palace","Erudite","Dalmare","1565467562$August 10, 2019 9:06 PM","4 hours","February 6, 2020 8:06 PM","Public"
"The Eternal Palace","Erudite","Branston","1565467557$August 10, 2019 9:05 PM","4 hours","February 6, 2020 8:05 PM","Public"
"The Eternal Palace","Personal Logs","bushbush23","1565467548$August 10, 2019 9:05 PM","3 hours","February 6, 2020 8:05 PM","Public"
"The Eternal Palace","Обитуари","Menderk","1565467365$August 10, 2019 9:02 PM","3 hours","February 6, 2020 8:02 PM","Public"
"The Eternal Palace","Локлок","Warlocklena","1565467323$August 10, 2019 9:02 PM","2 hours","February 6, 2020 8:02 PM","Public"
"The Eternal Palace","Жнецы Душ","w3155","1565467289$August 10, 2019 9:01 PM","7 hours","February 6, 2020 8:01 PM","Public"
"The Eternal Palace","Solar Flare","Salbre","1565467073$August 10, 2019 8:57 PM","5 minutes","February 6, 2020 7:57 PM","Public"
"The Eternal Palace","Personal Logs","MrMansaf","1565466846$August 10, 2019 8:54 PM","6 minutes","February 6, 2020 7:54 PM","Public"
"idiot logs first boss","V A N Q U I S H","aelx","1565466691$August 10, 2019 8:51 PM","4 minutes","February 6, 2020 7:51 PM","Public"
"idiot logs","V A N Q U I S H","aelx","1565466604$August 10, 2019 8:50 PM","42 minutes","February 6, 2020 7:50 PM","Public"
"EP M (Weird/FPG)","Personal Logs","Happytail","1565466490$August 10, 2019 8:48 PM","an hour","February 6, 2020 7:48 PM","Public"
"The Eternal Palace","Personal Logs","Séllout","1565466436$August 10, 2019 8:47 PM","2 hours","February 6, 2020 7:47 PM","Public"
"The Eternal Palace","Personal Logs","Noxeelol","1565466397$August 10, 2019 8:46 PM","3 hours","February 6, 2020 7:46 PM","Public"
"EP","Personal Logs","Aziria","1565465698$August 10, 2019 8:34 PM","2 hours","February 6, 2020 7:34 PM","Public"
"The Eternal Palace","Personal Logs","nrx887","1565465556$August 10, 2019 8:32 PM","3 hours","February 6, 2020 7:32 PM","Public"
"The Eternal Palace","Reforged","Verdi","1565465344$August 10, 2019 8:29 PM","3 hours","February 6, 2020 7:29 PM","Public"
"Fischi","Personal Logs","SleepyPanda46","1565465097$August 10, 2019 8:24 PM","an hour","February 6, 2020 7:24 PM","Public"
"The Eternal Palace","Personal Logs","Eiwo","1565465031$August 10, 2019 8:23 PM","an hour","February 6, 2020 7:23 PM","Public"
"The Eternal Palace","Клешни и отвага","greedy_dust","1565465015$August 10, 2019 8:23 PM","an hour","February 6, 2020 7:23 PM","Public"
"0810BananaRaiders","Personal Logs","ikzzi","1565464792$August 10, 2019 8:19 PM","5 hours","February 6, 2020 7:19 PM","Public"
"The Eternal Palace","Personal Logs","spuick","1565464636$August 10, 2019 8:17 PM","2 hours","February 6, 2020 7:17 PM","Public"
"The Eternal Palace","Personal Logs","phongua","1565464148$August 10, 2019 8:09 PM","2 hours","February 6, 2020 7:09 PM","Public"
"The Eternal Palace","Personal Logs","cheong2010","1565463551$August 10, 2019 7:59 PM","5 hours","February 6, 2020 6:59 PM","Public"
"The Eternal Palace","Personal Logs","allens11812","1565463416$August 10, 2019 7:56 PM","2 hours","February 6, 2020 6:56 PM","Public"
"The Eternal Palace","Personal Logs","wolfenwinter","1565463151$August 10, 2019 7:52 PM","8 minutes","February 6, 2020 6:52 PM","Public"
"The Eternal Palace","Personal Logs","doydo","1565463019$August 10, 2019 7:50 PM","15 hours","February 6, 2020 6:50 PM","Public"
"Heroic EP Then Mythic","Personal Logs","Nokura","1565462341$August 10, 2019 7:39 PM","4 hours","February 6, 2020 6:39 PM","Public"
"The Eternal Palace","Personal Logs","Jesper","1565461858$August 10, 2019 7:30 PM","36 minutes","February 6, 2020 6:30 PM","Public"
"The Eternal Palace","Singularity","Chamster","1565461656$August 10, 2019 7:27 PM","4 hours","February 6, 2020 6:27 PM","Public"
"alttimyty","Personal Logs","Rimakes","1565461409$August 10, 2019 7:23 PM","an hour","February 6, 2020 6:23 PM","Public"
"main raid","Group Therapy","uruyh","1565460664$August 10, 2019 7:11 PM","4 hours","August 9, 2020 7:11 PM","Public"
"The Eternal Palace","Тираэль","rgbw0w","1565460456$August 10, 2019 7:07 PM","4 hours","February 6, 2020 6:07 PM","Public"
"The Eternal Palace","Reckless Ambition","Kratno","1565459040$August 10, 2019 6:44 PM","2 hours","February 6, 2020 5:44 PM","Public"
"The Eternal Palace","Personal Logs","agurthewise","1565458015$August 10, 2019 6:26 PM","4 hours","February 6, 2020 5:26 PM","Public"
"The Eternal Palace","越掩饰越深刻","panpanwow","1565457942$August 10, 2019 6:25 PM","an hour","February 6, 2020 5:25 PM","Public"
"The Eternal Palace","Personal Logs","dealbbung","1565457833$August 10, 2019 6:23 PM","5 hours","February 6, 2020 5:23 PM","Public"
"The Eternal Palace","Personal Logs","leloohustler","1565457808$August 10, 2019 6:23 PM","2 hours","February 6, 2020 5:23 PM","Public"
"namoosan lage","Personal Logs","Skizel","1565457685$August 10, 2019 6:21 PM","an hour","February 6, 2020 5:21 PM","Public"
"The Eternal Palace","Freedom Heaven","ekuta","1565457590$August 10, 2019 6:19 PM","6 hours","February 6, 2020 5:19 PM","Public"
"The Eternal Palace","Personal Logs","kaien83","1565456994$August 10, 2019 6:09 PM","2 hours","February 6, 2020 5:09 PM","Public"
"Heroic EP","Always Tilted","Leha","1565456980$August 10, 2019 6:09 PM","3 hours","August 9, 2020 6:09 PM","Public"
"The Eternal Palace","Personal Logs","벤당고","1565456955$August 10, 2019 6:09 PM","5 hours","February 6, 2020 5:09 PM","Public"
"Raid","Personal Logs","EzraLogs","1565456657$August 10, 2019 6:04 PM","4 hours","February 6, 2020 5:04 PM","Public"
"don't leave leftie :(","Group Therapy","Bastian","1565456553$August 10, 2019 6:02 PM","4 hours","August 9, 2020 6:02 PM","Public"
"Azshara + myth farm","Team Cobra","Fulkan-Draenor","1565456501$August 10, 2019 6:01 PM","3 hours","February 6, 2020 5:01 PM","Public"
"The Eternal Palace","DoctorWho","DoctorWhoo","1565456456$August 10, 2019 6:00 PM","3 hours","February 6, 2020 5:00 PM","Public"
"The Eternal Palace","Personal Logs","anta13","1565456446$August 10, 2019 6:00 PM","3 hours","February 6, 2020 5:00 PM","Public"
"m","Personal Logs","Arwegail","1565456436$August 10, 2019 6:00 PM","3 hours","February 6, 2020 5:00 PM","Public"
"The Eternal Palace","Reckless Ambition","pendulumz","1565456365$August 10, 2019 5:59 PM","an hour","February 6, 2020 4:59 PM","Public"
"The Eternal Palace","凤池才团","hxhuang","1565455632$August 10, 2019 5:47 PM","2 hours","February 6, 2020 4:47 PM","Public"
"The Eternal Palace","ALAMAK","Jaggerarmy","1565455387$August 10, 2019 5:43 PM","3 hours","February 6, 2020 4:43 PM","Public"
"The Eternal Palace","Last Chance","sve1210","1565455257$August 10, 2019 5:40 PM","3 hours","February 6, 2020 4:40 PM","Public"
"The Eternal Palace","Personal Logs","claanrgks","1565454940$August 10, 2019 5:35 PM","5 hours","February 6, 2020 4:35 PM","Public"
"ZZZZZZZZQQQQQQQQQQQ810","Personal Logs","gps8135","1565454708$August 10, 2019 5:31 PM","5 hours","February 6, 2020 4:31 PM","Public"
"M5开荒","听见M团","Mirror","1565454541$August 10, 2019 5:29 PM","4 hours","February 6, 2020 4:29 PM","Public"
"The Eternal Palace","雷米團","Nara","1565454413$August 10, 2019 5:26 PM","8 hours","February 6, 2020 4:26 PM","Public"
"M1-3","耀月.","sc930524","1565454321$August 10, 2019 5:25 PM","7 days","February 6, 2020 4:25 PM","Public"
"The Eternal Palace","丨爱与家庭丨","cn_zhangchen@163.com","1565454305$August 10, 2019 5:25 PM","2 hours","February 6, 2020 4:25 PM","Public"
"The Eternal Palace","Personal Logs","guagua","1565454059$August 10, 2019 5:20 PM","3 hours","February 6, 2020 4:20 PM","Public"
"The Eternal Palace","Personal Logs","Pomelowang","1565453739$August 10, 2019 5:15 PM","3 hours","February 6, 2020 4:15 PM","Public"
"0810 토요일 2","Personal Logs","PLE","1565453409$August 10, 2019 5:10 PM","6 hours","February 6, 2020 4:10 PM","Public"
"hell yeah","Group Therapy","Asgarath","1565453394$August 10, 2019 5:09 PM","3 hours","August 9, 2020 5:09 PM","Public"
"The Eternal Palace","Personal Logs","Istari6477","1565453304$August 10, 2019 5:08 PM","6 hours","February 6, 2020 4:08 PM","Public"
"The Eternal Palace","Personal Logs","tiribere","1565453256$August 10, 2019 5:07 PM","4 hours","February 6, 2020 4:07 PM","Public"